,REGULAR SEASON,,,,,PLAYOFFS,,,,,COMBINED,,,,,
,,,,,,,,,,,,,,,,
,T100,T50,GP,,,T100,T50,GP,,,T100,T50,GP,,RS,PLAYOFFS
,43,26,127,glaciers,,34,16,67,etan22,,68,42,185,glaciers,127,58
,35,16,125,nyc (giannis),,25,16,58,glaciers,,70,36,161,york (therealcadeyork),107,54
,51,30,118,dugz (shesterkin) (breadman),,22,10,54,york (therealcadeyork),,77,52,158,nylander (mrdawson),110,48
,40,22,116,thereturnofzlo,,26,17,52,cry,,75,57,156,chris (mystery) (krypticz) (phris),109,47
,50,31,113,max,,23,17,48,nylander (mrdawson),,75,45,155,etan22,88,67
,16,6,113,braden_,,27,19,48,kinnick,,70,45,155,max,113,42
,54,35,110,nylander (mrdawson),,20,17,47,chris (mystery),,64,43,155,cry (sillypup),103,52
,30,17,110,markjackson,,28,16,46,ice,,71,38,147,ice (exos),101,46
,55,40,109,chris (mystery) (krypticz) (phris),,21,16,43,supa,,67,50,145,supa (supa14),102,43
,48,26,107,york (therealcadeyork),,20,14,42,max,,40,20,143,nyc (giannis),125,18
,51,27,103,swouse,,16,12,41,anonymoususer,,63,33,142,dugz (shesterkin) (breadman),118,24
,38,26,103,cry (sillypup),,14,9,38,papamama (papacoop),,50,28,139,thereturnofzlo,116,23
,46,34,102,supa (supa14),,15,8,37,corsic,,38,21,138,markjackson,110,28
,43,22,101,ice (exos),,18,13,36,coded (strider),,77,45,137,kinnick,89,48
,30,15,100,doggy,,10,5,35,happy (birthday),,41,23,128,doggy,100,28
,36,22,97,salty,,24,10,35,canada (cavansbiggio),,18,8,125,braden_,113,12
,38,22,97,bohm,,10,6,33,burgerking (burger_king),,35,20,124,papamama (papacoop),86,38
,23,14,96,tur.ner (turner) (skitzo) (trea),,10,6,31,grounded,,48,22,122,burgerking,89,33
,24,11,92,dariusgarland (joshl0202) (dortch),,11,8,30,mario,,60,30,121,swouse,103,18
,28,17,92,chiszn (someone_3377) (cteszn),,8,2,29,bklyn (nyy) (griffey),,45,27,119,salty,97,22
,38,16,89,burgerking,,4,2,29,bshumer1,,28,17,117,tur.ner (turner) (skitzo) (trea),96,21
,19,6,89,bojack,,8,4,28,markjackson,,45,26,116,bohm,97,19
,23,17,89,tezzywezzy (jrueholiday) (jrue_) (tezmania),,11,8,28,doggy,,69,35,114,canada (cavansbiggio),79,35
,50,26,89,kinnick,,9,5,28,vj,,36,28,112,tezzywezzy (jrueholiday) (jrue_) (tezmania),89,23
,41,29,88,etan22,,11,9,27,jacman17,,45,24,112,mario,82,30
,45,28,87,znye,,17,13,27,zyx,,38,21,111,vj (leclerc),83,28
,21,11,86,papamama (papacoop),,11,8,27,ai,,56,35,110,bruins,85,25
,46,30,85,bruins,,12,9,27,tralogik,,30,14,108,dariusgarland (joshl0202) (dortch),92,16
,19,12,83,ü•ä(glovee),,9,8,26,ukator,,45,35,105,anonymoususer ,64,41
,29,16,83,vj (leclerc),,8,4,25,caleb_,,34,18,105,bobsburgers,82,23
,25,14,83,bigsnook,,10,5,25,bruins,,34,19,104,chiszn (someone_3377) (cteszn),92,12
,34,25,82,lehkyforselke,,14,12,25,psyklone,,32,14,103,happy (birthday) (ay),68,35
,29,15,82,bobsburgers,,12,3,24,dugz,,54,31,103,znye,87,16
,34,16,82,mario,,5,5,24,hardforbedard,,30,23,102,ukator,76,26
,21,15,80,vincent_ (vincent),,8,3,24,bam,,29,20,99,derrickwhitetop5,75,24
,45,25,79,canada (cavansbiggio),,4,2,24,derrickwhitetop5,,52,37,99,tralogik,72,27
,25,14,79,owencooks (rafaeldevers) (ovencooms) (ow3n1),,11,8,24,ryoshi,,27,16,98,addison (himmyjr) (sad),78,20
,21,12,78,addison (himmyjr) (sad),,12,7,24,zim,,26,15,98,bigsnook,83,15
,23,9,77,ryansc,,13,9,24,mrswaggymcswag0,,34,18,98,thelankygerman,76,22
,21,15,76,ukator,,13,11,23,tezzywezzy (jrueholiday) (tezmania),,38,27,97,lehkyforselke,82,15
,25,14,76,thelankygerman,,10,6,23,thereturnofzlo,,33,18,97,owencooks (rafaeldevers) (ovencooms) (ow3n1),79,18
,14,10,76,cinemax,,5,3,23,bobsburgers,,29,12,96,ryansc,77,19
,25,18,75,derrickwhitetop5,,5,2,23,luhsean56,,30,15,95,kevin (cars),74,21
,39,26,75,tw0 (tw0tennjxim3) (kyrieirving),,9,5,22,salty,,50,31,95,tw0 (tw0tennjxim3) (kyrieirving),75,20
,24,11,74,clase (bigthanos) (dean) (hvl),,6,3,22,wisco (ortiz) (turang) (doubs),,23,14,94,ü•ä(glovee),83,11
,19,11,74,zikcooks (zik),,6,5,22,614s_finest,,27,13,94,bklyn (weaver),65,29
,27,15,74,kevin (cars),,9,4,22,thelankygerman,,20,13,94,cinemax,76,18
,14,7,73,buctober2025 (buc),,7,5,22,flock.ravens,,22,10,92,wisco (doubs) (brewcrew) (turang) (eberle) (miz),70,22
,19,9,73,mccasual (christianmccasual),,8,3,22,iverson,,19,8,91,flock.ravens,69,22
,23,13,72,tjgany,,7,3,22,sebas (kyrielover_11),,23,13,91,hutchinson (platinumxi) (carpenters) (jahmyr),72,19
,16,8,72,hutchinson (platinumxi) (carpenters) (jahmyr),,6,4,22,jameswyo,,19,6,90,bojack,89,1
,40,28,72,tralogik,,3,0,21,kevin (cars),,37,27,90,ai,63,27
,19,12,71,hovey,,12,6,21,mordred (kay),,24,13,90,mccasual (christianmccasual),73,17
,16,11,71,marner (stack) (stack_) (aubrey) (loverboy),,6,4,21,giannisisdaddy1,,19,9,89,caleb_,64,25
,16,7,70,wisco (doubs) (brewcrew) (turang) (eberle) (miz),,5,3,21,turner (skitzo),,23,15,89,zikcooks (zik),74,15
,10,5,69,julius.chestnut,,10,7,21,davidv03,,26,15,88,tjgany,72,16
,12,3,69,flock.ravens,,6,4,20,addison (himmyjr) (sad),,20,12,87,marner (stack) (stack_) (aubrey) (loverboy),71,16
,15,8,68,poopybuttlover,,10,5,20,co,,25,15,87,grounded (paige) (groundground),56,31
,9,6,68,dex,,11,4,20,masdog2222,,28,12,86,clase (bigthanos) (dean) (hvl),74,12
,22,9,68,happy (birthday) (ay),,5,1,20,13allard (silver),,34,19,85,corsic,48,37
,8,3,68,grizzy,,11,5,20,tw0,,33,18,84,clementt (erndog),66,18
,27,13,68,devinbooker,,6,5,20,milroe (o3wn),,22,15,83,vincent_ (vincent),80,3
,23,13,67,cle (grifx),,12,8,20,otf,,43,28,82,iverson,60,22
,25,14,66,clementt (erndog),,6,3,19,ryansc,,16,11,81,hardforbedard,57,24
,23,12,66,baty,,8,6,19,turbo,,26,13,81,cle (grifx),67,14
,19,11,65,bklyn (weaver),,3,3,19,luv (csw) (dos),,18,10,80,turbo,61,19
,10,3,65,brady.richer,,10,7,19,wednesdaychicken,,28,18,80,ryoshi,56,24
,11,5,64,caleb_,,7,5,19,hutchinson (jahmyr) (platinumxi) (carpenters),,10,6,79,dex,68,11
,29,23,64,anonymoususer ,,7,4,19,bohm,,31,19,79,o3wn (milroe),59,20
,26,19,63,ai,,8,4,18,owencooks (realowen),,13,5,78,julius.chestnut,69,9
,25,16,63,ggs (ggramzy),,6,3,18,cinemax,,31,17,78,devinbooker,68,10
,17,14,62,brav0s (bravos) (ssuco),,5,4,18,nyc,,14,7,77,buctober2025 (buc),73,4
,26,15,62,cyl,,9,3,18,swouse,,17,14,75,brav0s (bravos) (ssuco),62,13
,11,7,61,be11o (bello),,8,4,18,clementt (erndog),,33,21,75,coded (strider),39,36
,10,4,61,turbo,,5,4,17,burgerkingjaylen,,27,15,75,ashton (hopkins) (addisonbarger_) (toronto) (destiny) (barnes) (chiles),58,17
,17,7,61,duke (skinny) (angrypup) (flocknation),,3,0,17,pat,,21,13,74,hovey,71,3
,17,8,61,knightnate12,,7,3,17,barger (cadewave) (hopkins) (destiny),,29,14,74,verse (reversethev),60,14
,25,15,61,lamb_,,2,0,17,gschmoney,,16,8,73,poopybuttlover,68,5
,25,8,61,aiden0220,,5,4,17,mccasual (christianmccasual),,29,12,73,zane,60,13
,23,8,60,zane,,7,3,17,corbin (tyus),,21,15,73,giannisisdaddy1,52,21
,15,10,60,nind0 (ted),,7,4,17,notkiddo (kiddo),,21,9,73,knightnate12,61,12
,24,11,60,verse (reversethev),,3,1,16,lubob,,9,4,73,bshumer1,44,29
,35,25,60,iverson,,3,3,16,bamry,,19,8,72,bam,48,24
,13,3,59,devincooker,,4,1,16,marner (stack) (tavares),,41,27,72,zyx,45,27
,25,14,59,o3wn (milroe),,9,3,16,znye,,29,19,72,ggs (ggramzy),63,9
,40,26,59,chittum,,6,3,16,dortch (joshl0202) (dariusgarland),,18,8,72,duke (skinny) (angrypup) (flocknation),61,11
,21,8,58,clutch (giannis),,3,2,16,tjgany,,9,3,72,grizzy,68,4
,20,12,58,ashton (hopkins) (addisonbarger_) (toronto) (destiny) (barnes) (chiles),,3,1,16,four,,29,16,71,cyl,62,9
,8,1,57,croatia,,9,5,16,kenny_wya (timeless),,24,13,71,baty,66,5
,11,6,57,waggnut (üéÉ),,6,2,16,ottsam,,27,17,71,lamb_,61,10
,11,6,57,hardforbedard,,5,3,15,khabib (demar) (metcalf),,31,17,71,sebas (kyrielover_11),49,22
,22,14,57,cartercrash,,5,2,15,trance (wohlm),,18,6,71,silver (13allard) (longhorns) (bijan),51,20
,15,9,56,grounded (paige) (groundground),,5,2,15,madrid (bellingham),,43,28,71,chittum,59,12
,6,2,56,bigk18,,4,2,15,lehkyforselke,,30,14,69,caustic,55,14
,17,10,56,ryoshi,,4,1,15,shabd,,15,7,68,waggnut (üéÉ),57,11
,18,8,56,shy (akria) (smiley) (booty) (milos) (zionwilliamson),,4,4,15,zik,,12,8,68,bamry,52,16
,26,16,56,gaston,,1,1,15,bigsnook,,14,7,68,kodyblu31 (judkins) (pnd),54,14
,21,16,56,crogerl,,12,11,15,xpr0gidy,,16,6,68,luhsean56,45,23
,30,18,56,raiola,,10,9,15,lebron23goat6,,32,21,67,zim,43,24
,24,14,55,coby (am) (unrealistics),,1,0,15,crqmer,,33,16,67,otf,47,20
,22,9,55,caustic,,8,2,15,zayo,,31,19,67,norrispaul13,53,14
,8,5,54,uzi (uzi.md) (pavel.buchnevich),,7,4,15,virgil (nick_),,26,15,66,co,46,20
,11,5,54,kodyblu31 (judkins) (pnd),,5,1,15,twistex,,10,3,65,brady.richer,65,
,11,7,53,huts (wrigley),,6,4,14,depressedcardinalsfan,,25,11,65,clutch (giannis),58,7
,26,17,53,norrispaul13,,4,2,14,knicks,,33,20,65,raiola,56,9
,9,5,52,bamry,,4,3,14,dawgsnation,,12,7,64,be11o (bello),61,3
,15,11,52,giannisisdaddy1,,5,3,14,aiden,,20,15,64,jacman17,37,27
,6,3,52,cove (one) (marvin) (timeless) (leclerc) (dreww) (tiedemann) (marte),,3,2,14,pnd (judkins) (kodyblu31),,26,9,64,aiden0220,61,3
,12,7,52,okoro (okorolover355) (iouisss),,5,2,14,norrispaul13,,11,7,63,uzi (uzi.md) (pavel.buchnevich),54,9
,22,9,51,juan.soto22,,4,3,14,bennett,,25,16,63,cartercrash,57,6
,9,6,51,sammy (smartomarcus) (vcanivibe),,5,2,14,murray (pelss),,21,16,63,crogerl,56,7
,13,5,51,silver (13allard) (longhorns) (bijan),,8,5,14,caustic,,28,18,62,gaston,56,6
,9,6,50,cywheela,,5,3,14,verse (reversethev),,34,26,62,psyklone,37,25
,27,22,50,jordancarter,,6,3,14,sports6138,,12,7,61,knicks,47,14
,5,4,50,manoffaith,,3,0,14,cle,,11,8,61,sammy (smartomarcus) (vcanivibe),51,10
,15,8,49,jacksonbynum,,4,2,14,yaxel,,26,16,61,davidv03,40,21
,9,5,49,oldfriend99,,2,0,13,gsw (chi),,28,24,61,etienne,49,12
,9,6,49,lxst (corum) (lost),,0,0,13,bravos (lazerdim),,12,9,60,614s_finest,38,22
,24,14,49,sebas (kyrielover_11),,4,2,13,dg_4,,11,4,60,pat (shlattpat) (patty) (sloppyforslavin),43,17
,26,22,49,etienne,,7,5,13,adamoo,,6,2,60,bigk18,56,4
,11,5,48,bam,,6,4,13,zane,,25,15,60,coby (am) (unrealistics),55,5
,9,7,48,rowan,,5,2,13,etan_ (etan_o),,26,16,60,sports6138,46,14
,19,11,48,corsic,,2,2,12,braden_,,13,3,60,devincooker,59,1
,9,5,48,cfbelite (mlbelite),,6,2,12,cteszn (chiszn) (someone_3377),,23,16,60,four,44,16
,8,4,47,kobebryant,,4,4,12,jakefromstatenothing,,15,10,60,nind0 (ted),60,
,8,5,47,knicks,,4,1,12,clase (dean) (hvl),,8,1,59,croatia,57,2
,9,5,47,herro,,2,1,12,buck,,15,11,59,burgerkingjaylen,42,17
,22,16,47,arthurmorgan,,3,2,12,justinjefferson,,28,15,58,zayo,43,15
,21,8,47,otf,,2,2,12,etienne,,13,8,58,okoro (okorolover355) (iouisss),52,6
,13,7,47,scottie,,3,2,12,chittum,,30,16,58,kenny_wya (neto),42,16
,12,9,46,target (callingitontarget),,4,1,12,knightnate12,,10,6,57,oldfriend99,49,8
,16,10,46,co,,2,1,12,üçÅ,,15,11,57,jameswyo,35,22
,16,8,46,bos (tatum),,3,1,11,christian,,17,9,56,jacksonbynum,49,7
,20,13,46,sports6138,,1,1,11,duke (flocknation) (eatass420),,18,8,56,shy (akria) (smiley) (booty) (milos) (zionwilliamson),56,
,24,14,45,zyx,,4,1,11,waggnut (üéÉ),,17,7,56,morel,45,11
,4,2,45,seahawkswoolen27,,4,2,11,ü•ä(glovee),,15,6,55,khabib (seiya),40,15
,11,8,45,zero,,1,0,11,dex,,31,24,55,jordancarter,50,5
,11,4,45,luhsean56,,6,2,11,morel,,24,18,55,arthurmorgan,47,8
,11,5,45,morel,,6,6,11,kyoten,,18,11,55,justinjefferson,43,12
,24,14,45,jonah,,7,5,11,yogiferrell,,22,14,55,virgil (nick_),40,15
,14,4,45,brandonmiller,,6,5,11,garland,,23,9,54,juan.soto22,51,3
,8,5,44,galaxygiraffe (islam),,8,6,11,icy,,7,4,54,cove (one) (marvin) (timeless) (leclerc) (dreww) (tiedemann) (marte),52,2
,3,2,44,willy,,3,1,10,imlincoln (lincoln),,3,2,54,willy,44,10
,6,0,44,trickyy,,0,0,10,willy,,11,7,54,herro,47,7
,20,15,44,four,,5,4,10,harper (skenes) (uzi) (saquon),,10,7,54,lxst (corum) (lost),49,5
,5,2,44,bshumer1,,5,1,10,riggiem,,13,7,54,murray (pelss),40,14
,16,8,44,sink,,2,2,10,jaylenszn,,30,19,54,mrswaggymcswag0,30,24
,22,9,44,ejwise,,6,6,10,ln4,,12,9,53,cywheela,50,3
,13,7,44,maxp,,2,2,10,lamb_,,9,7,53,rowan,48,5
,24,15,44,ederick2442,,2,2,10,xo,,9,5,53,dg_4,40,13
,8,7,44,siri,,4,4,10,devinbooker,,11,7,53,huts (wrigley),53,
,10,6,43,nathans1215,,2,2,10,smartomarcus,,26,10,53,ejwise,44,9
,20,13,43,zayo,,3,2,10,joelembiid,,37,30,52,xpr0gidy,37,15
,6,2,43,shabddd (depressedosufan),,5,2,10,saquon,,12,9,52,zero,45,7
,8,4,43,pat (shlattpat) (patty) (sloppyforslavin),,3,3,10,_vinnie,,14,7,52,scottie,47,5
,4,1,43,yankees.hub,,5,2,10,tgeneral,,25,14,52,jonah,45,7
,15,9,43,justinjefferson,,6,3,10,shad0w,,13,9,51,chargers,42,9
,20,14,43,zim,,4,3,9,ggs,,6,4,51,manoffaith,50,1
,19,12,43,poolepartyjp3,,3,0,9,julius.chestnut,,10,2,51,shabd,36,15
,16,7,43,arttheclown_,,1,0,9,mariosss,,14,8,51,aiden,37,14
,9,6,42,chargers,,2,1,9,shane (justinf1elds) (calebw1lliams),,14,10,51,twistex,36,15
,10,7,42,burgerkingjaylen,,2,1,9,member481067 (james.cookk),,10,5,50,gsw (chi),37,13
,3,1,42,franklindog (embiid),,3,2,9,uzi (uzi.md) (pavel.buchnevich),,10,6,50,nathans1215,43,7
,9,3,42,casty (quinn__) (ward),,4,3,9,chargers,,17,9,50,bos (tatum),46,4
,18,11,42,neev,,2,0,9,emvpiid70,,9,5,50,buck,38,12
,19,11,42,kane,,3,1,9,cyl,,8,4,49,kobebryant,47,2
,21,11,42,kenny_wya (neto),,4,1,9,ejwise,,4,2,49,seahawkswoolen27,45,4
,8,4,41,dane,,3,2,9,raiola,,7,3,49,shabddd (depressedosufan),43,6
,11,7,41,goodbyesosoon,,6,2,9,aunt,,6,0,49,trickyy,44,5
,27,14,41,dxvxn,,1,0,9,dillon,,17,8,49,sink,44,5
,13,4,41,khys9575,,7,6,8,yato,,30,15,49,dxvxn,41,8
,7,4,40,bashfulgoon (ytmp_melly),,3,1,8,aholl173,,12,7,49,joelembiid,39,10
,6,4,40,wade,,2,2,8,arthurmorgan,,16,11,49,xo,39,10
,10,3,40,khabib (seiya),,2,1,8,soyeon (joshy),,19,11,49,garland,38,11
,13,7,40,colt (coltyvoelte),,0,0,8,nosey,,24,13,48,mordred (kay),27,21
,11,2,40,zooch5,,2,2,8,gavinlub,,8,5,48,galaxygiraffe (islam),44,4
,5,3,40,dg_4,,1,1,8,oldfriend99,,11,5,48,gschmoney,31,17
,14,7,40,trylq,,4,1,8,pritchard,,9,5,48,cfbelite (mlbelite),48,
,15,10,40,virgil (nick_),,3,1,8,dxvxn,,25,9,48,masdog2222,28,20
,3,2,40,playexplainer,,0,0,8,jensive,,22,11,48,corbin (tyus),31,17
,16,9,40,davidv03,,2,0,8,frostyy,,17,9,48,frostyy,40,8
,8,5,40,murray (pelss),,3,1,8,louseal,,10,5,47,sha.ne (shane),38,9
,15,9,40,frostyy,,2,2,7,herro,,21,14,47,emvpiid70,38,9
,1,0,39,j.p (j.p574),,4,1,7,osach,,18,11,47,neev,42,5
,15,8,39,coded (strider),,4,2,7,tocki,,20,12,47,kane,42,5
,4,2,39,thiccthanos,,0,0,7,car.son,,13,7,47,maxp,44,3
,6,4,39,jrc (casas),,0,0,7,nathans1215,,20,10,46,etan_ (etan_o),33,13
,4,3,39,tacko,,0,0,7,michael,,21,16,46,wednesdaychicken,27,19
,7,2,39,mpls (chrisrichards) (trey.jemison),,2,1,7,jacksonbynum,,12,9,46,target (callingitontarget),46,
,18,11,39,zyn,,4,3,7,heatloyalist,,12,7,46,gavinlub,38,8
,14,5,39,sweat,,1,0,7,zyn,,19,11,46,zyn,39,7
,9,5,39,joelembiid,,1,1,7,zero,,18,9,46,dillon,37,9
,14,9,39,xo,,4,3,7,zupacam (camnewtondabest),,8,7,46,siri,44,2
,15,11,38,jxr,,4,1,7,brax__,,16,6,46,khys9575,41,5
,6,4,38,614s_finest,,4,3,7,clutch (giannis),,11,4,45,lubob,29,16
,10,5,38,gavinlub,,0,0,7,crogerl,,9,3,45,casty (quinn__) (ward),42,3
,8,4,38,sha.ne (shane),,1,0,7,ballingpm,,9,4,45,dane,41,4
,13,6,38,üëª,,1,1,7,rzk,,15,8,45,trylq,40,5
,19,14,38,emvpiid70,,1,0,7,jonah,,14,4,45,brandonmiller,45,
,7,4,38,buck,,1,1,6,shabddd (depressedbravesfan911),,16,7,45,arttheclown_,43,2
,15,10,38,snivy,,0,0,6,giannis_is_my_dad,,16,11,44,jxr,38,6
,14,6,38,winslowforprez,,0,0,6,cay1 (cay),,4,3,44,playexplainer,40,4
,13,6,38,garland,,1,0,6,jxr,,7,1,44,crqmer,29,15
,22,16,38,fun,,2,1,6,zander44,,20,13,44,poolepartyjp3,43,1
,16,10,38,toasty,,2,0,6,smokey,,24,15,44,ederick2442,44,
,13,7,37,leow,,2,0,6,uelito,,20,11,44,rzk,37,7
,8,5,37,gsw (chi),,3,2,6,cartercrash,,6,4,43,wade,40,3
,11,8,37,raffe (alecbohm28),,1,0,6,adrian (dri),,4,1,43,yankees.hub,43,
,9,6,37,jacman17,,1,0,6,baldwin (yamal19),,11,7,43,dawgsnation,29,14
,4,3,37,ig (aura) (cassandre),,1,1,6,okoro,,26,23,43,lebron23goat6,28,15
,9,4,37,townes,,2,1,6,robert,,12,8,43,goodbyesosoon,41,2
,25,19,37,xpr0gidy,,0,0,6,pnwsavant,,15,7,43,winslowforprez,38,5
,9,5,37,aiden,,2,2,6,gaston (russell),,18,11,43,yaxel (üöÄüìàüî•),29,14
,8,4,37,bacot (bacotlover),,2,2,6,trixsta,,18,11,43,toasty,38,5
,17,9,37,dillon,,2,2,6,tranglerz,,16,7,42,tocki,35,7
,20,14,37,psyklone,,2,2,6,five,,3,1,42,franklindog (embiid),42,
,19,10,37,rzk,,2,0,6,newton,,8,4,42,christian,31,11
,8,2,36,bucky_,,1,1,5,jags (cookedbyjags),,7,6,42,heatloyalist (lilboat),35,7
,6,1,36,shabd,,0,0,5,antcoppola18,,10,4,42,townes,37,5
,4,3,36,tsukiko,,1,1,5,wittjr,,15,7,42,üëª,38,4
,7,3,36,clarke (ww98),,2,0,5,kc,,17,10,42,snivy,38,4
,9,9,36,twistex,,2,2,5,mybalzich,,5,1,41,smokey,35,6
,11,5,36,sotonyc (diaz),,1,0,5,drob,,14,8,41,leow,37,4
,3,1,35,smokey,,1,1,5,quickley (bichette),,18,14,41,jakefromstatenothing,29,12
,12,5,35,tocki,,0,0,5,david_,,12,8,41,raffe (alecbohm28),37,4
,6,4,35,mad,,0,0,5,chrxstian (okc),,4,3,41,ig (aura) (cassandre),37,4
,3,3,35,heatloyalist (lilboat),,2,1,5,bl,,15,5,41,sweat,39,2
,13,7,35,rockymountain (mellusi) (timelord) (melendez) (castellanos),,0,0,5,bear.5,,12,7,41,pnwsavant,35,6
,6,4,35,liam (bad) (li.am),,1,0,5,townes,,8,4,41,bacot (bacotlover),37,4
,12,7,35,pnwsavant,,1,1,5,winn_enthusiast,,13,6,41,sotonyc (diaz),36,5
,9,7,35,jameswyo,,1,1,5,corum (lxst),,13,5,41,notkiddo (kiddo),24,17
,6,1,35,xxyn,,2,2,5,garrett,,7,4,40,bashfulgoon (ytmp_melly),40,
,13,11,34,heim (boban),,0,0,5,trickyy,,13,7,40,colt (coltyvoelte),40,
,7,3,34,schmiddy,,1,1,5,baty,,11,2,40,zooch5,40,
,6,3,34,idxstyew,,1,1,5,am (coby),,10,5,40,aholl173,32,8
,13,8,34,snowy (snowyosu),,1,0,5,burning,,6,4,40,jrc (casas),39,1
,11,7,34,devonta (dejean),,1,1,5,trylq,,10,7,40,luv,21,19
,14,8,34,maxverstappen_ (relaxedp),,1,0,5,idxstyew,,10,6,40,jaylenszn,30,10
,15,8,33,etan_ (etan_o),,0,0,5,rowan,,20,12,40,yogiferrell,29,11
,2,0,33,giantsfootball (uncbasketball),,1,1,5,sasser,,1,0,39,j.p (j.p574),39,
,17,10,33,uelito,,0,0,5,kencarsonlistener (drakelistener),,4,2,39,thiccthanos,39,
,1,1,33,kumingaszn,,1,1,5,devonta (dejean),,4,3,39,tacko,39,
,5,1,33,fernando (iconic) (evanchampion),,1,1,5,winslowforprez,,7,2,39,mpls (chrisrichards) (trey.jemison),39,
,7,2,32,grant (whosgrant),,1,0,5,tay,,16,8,39,camnewtondabest (zcamnewton) (zupacam),32,7
,8,4,32,barnes (quickley) (waddle) (bichette),,1,0,5,poopybuttlover,,19,10,39,uelito,33,6
,7,4,32,aholl173,,1,0,5,scottie,,7,3,39,idxstyew,34,5
,7,3,32,famous (famousamos229),,2,0,5,plemay,,20,13,39,ln4,29,10
,12,5,32,camnewtondabest (zcamnewton) (zupacam),,0,0,5,neev,,14,8,39,snowy (snowyosu),34,5
,6,3,31,chrxstian (okc),,1,0,5,longganisa (rich.brian),,12,8,39,devonta (dejean),34,5
,3,1,31,lebron (burgerking) (rodgers),,1,0,5,sink,,8,3,39,clarke (ww98),36,3
,1,1,31,legette (mhii) (xl17),,3,3,5,thedestroyer22,,26,18,39,shad0w,29,10
,5,3,31,christian,,1,0,5,snowy,,8,4,38,schmiddy,34,4
,9,5,31,gschmoney,,2,0,5,eclipse,,7,5,38,liam (bad) (li.am),35,3
,10,6,31,tk14,,4,2,5,jordancarter,,6,1,38,xxyn,35,3
,13,5,31,shenli,,2,1,5,toasty,,20,7,38,saquon,28,10
,5,4,31,sony,,2,1,5,ay355,,22,16,38,fun,38,
,5,3,31,berg_02,,5,1,5,maliknabers69 (leek),,9,5,37,barnes (quickley) (waddle) (bichette),32,5
,15,8,31,corbin (tyus),,2,1,5,sotonyc,,8,2,37,bucky_,36,1
,15,11,31,intriquid,,3,2,5,khys9575,,11,6,37,bennett,23,14
,14,7,30,happ,,1,1,5,kane,,6,3,36,chrxstian (okc),31,5
,6,2,30,therealsportsman,,3,0,5,josephmazzulla,,7,2,36,grant (whosgrant),32,4
,5,2,30,texan,,2,0,5,downs,,13,7,36,rockymountain (mellusi) (timelord) (melendez) (castellanos),35,1
,1,0,30,tatismvpszn,,3,2,5,hoodispida,,17,6,36,newton (member466849),30,6
,5,4,30,cocacola,,1,0,5,robertjr,,4,3,36,tsukiko,36,
,9,3,30,seahawkz,,3,2,4,all (reels),,15,8,36,maxverstappen_ (relaxedp),34,2
,2,1,30,cypablo (cities) (jet) (yeah),,0,0,4,galaxygiraffe (islam),,12,8,35,robert,29,6
,15,6,30,newton (member466849),,1,1,4,lebron (rodgers),,6,4,35,mad,35,
,3,0,30,tye,,0,0,4,cocacola,,4,2,35,lebron (burgerking) (rodgers),31,4
,8,4,30,jaylenszn,,0,0,4,ja.mes,,9,6,35,depressedcardinalsfan,21,14
,5,2,30,itzneallol,,1,1,4,schmiddy_ (yoshida_),,12,3,35,riggiem,25,10
,18,11,30,chazwick,,0,0,4,buctober2024,,13,5,35,shenli,31,4
,17,10,30,mrswaggymcswag0,,0,0,4,icemountain,,16,13,35,icy,24,11
,21,15,30,downs,,0,0,4,aidenishim,,23,15,35,downs,30,5
,10,7,29,robert,,1,0,4,raffe (alecbohm28),,13,11,34,heim (boban),34,
,8,3,29,lubob,,1,1,4,leow,,2,1,34,tatismvpszn,30,4
,14,10,29,jakefromstatenothing,,0,0,4,skoh,,5,4,34,cocacola,30,4
,13,7,29,yogiferrell,,2,1,4,koski,,1,1,34,legette (mhii) (xl17),31,3
,7,4,29,dawgsnation,,2,1,4,üëª,,8,4,34,famous (famousamos229),32,2
,14,7,29,ln4,,1,0,4,markdavishaircut,,8,2,34,brax__,27,7
,4,2,29,noir,,1,1,4,bos,,6,2,34,jensive,26,8
,6,1,29,crqmer,,0,0,4,grant,,6,2,34,fernando (iconic) (evanchampion),33,1
,14,9,29,yaxel (üöÄüìàüî•),,0,0,4,bigk,,15,11,34,intriquid,31,3
,10,3,29,rich.brian (longganisa),,3,1,4,jjettaz (senddavide0),,11,3,34,rich.brian (longganisa),29,5
,20,15,29,shad0w,,0,0,4,shenli,,16,10,34,tgeneral,24,10
,7,3,29,ay355,,2,1,4,sallis,,9,4,34,ay355,29,5
,4,3,28,maxkepler,,1,1,4,tatismvpszn,,2,0,33,giantsfootball (uncbasketball),33,
,7,4,28,ben,,0,0,4,ig (aura),,1,1,33,kumingaszn,33,
,0,0,28,idkwhattoput,,0,0,4,fullofopps,,4,1,33,ballingpm,26,7
,3,0,28,romeodunze15 (robertjr) (kyleteel),,2,0,4,snivy,,10,1,33,tay,28,5
,6,5,28,crow.armstrong,,1,1,4,playexplainer,,17,8,33,aunt,24,9
,5,1,28,homeslice2,,0,0,4,bacot,,18,8,33,eclipse,28,5
,16,14,28,lebron23goat6,,2,0,4,cbd,,15,7,32,happ,30,2
,14,5,28,masdog2222,,2,0,4,heroin (wulf) (meth),,3,1,32,tyler (wittjr),27,5
,9,1,28,tay,,1,0,4,dane,,7,2,32,wohlm (trance),17,15
,10,6,28,prove,,1,0,4,grizzy,,2,1,32,cypablo (cities) (jet) (yeah),30,2
,15,5,28,saquon,,0,0,4,seahawkswoolen,,5,4,32,sony,31,1
,16,8,28,eclipse,,1,1,4,willi3,,6,3,32,itzneallol,30,2
,11,6,28,jay.p,,2,0,3,herb,,19,11,32,chazwick,30,2
,12,7,27,mordred (kay),,3,3,3,cywheela (papadoody135),,14,7,32,ottsam,16,16
,11,9,27,wednesdaychicken,,0,0,3,panarin (Piggies GM),,6,2,31,therealsportsman,30,1
,2,0,27,tyler (wittjr),,0,0,3,shai (mrshai),,8,6,31,soyeon (joshy) (tzuyu),23,8
,4,1,27,brax__,,0,0,3,casty (quinn__),,8,4,31,harper (skenes) (star) (uzi),21,10
,4,2,27,gingy,,1,1,3,abos,,11,5,31,all (reels),27,4
,8,3,27,all (reels),,2,1,3,tushpushenjoyer,,8,4,31,imlincoln,21,10
,6,3,27,tyresemaxey,,2,1,3,hovey,,10,6,31,tk14,31,
,4,3,27,omar__,,0,0,3,spencersteer (losrojos),,12,7,31,pritchard,23,8
,6,2,27,hoosier (suggs) (gpii) (lynwithers),,0,0,3,wilsonmck18 (wilson),,6,5,31,crow.armstrong,28,3
,0,0,27,tylrr,,0,0,3,holmesdale (letsgobrewcrew),,5,3,31,berg_02,31,
,15,5,27,evanstewart (killerbees_71) (evan_stewart_ii),,0,0,3,dantheman,,12,7,31,robertjr (spursszn_) (thorpee) (robertjr88),26,5
,8,1,27,redwarrior,,1,1,3,pursue (glockies),,14,7,31,maliknabers69 (leek),26,5
,7,5,26,dwnny,,1,0,3,oubre,,12,6,30,zander44,24,6
,3,2,26,nebraska,,2,1,3,kirk (bhxy03),,6,2,30,cay1 (cay),24,6
,6,5,26,cookie,,1,0,3,bas0 (bas),,10,5,30,drob,25,5
,1,0,26,bojangles,,0,0,3,maxey0 (tyrese),,5,2,30,texan,30,
,6,3,26,schmighty,,1,1,3,mdotcash23,,9,3,30,seahawkz,30,
,2,0,26,holmesdale (letsgobrewcrew) (therealbenshelton),,0,0,3,member102218 (olave),,5,3,30,winn_enthusiast,25,5
,0,0,26,bluejays4567 (bluejays26926),,1,0,3,be11o (bello),,3,0,30,tye,30,
,0,0,26,hairston (lewis),,0,0,3,member861107 (will),,4,3,30,kencarsonlistener (drakelistener),25,5
,2,0,26,baldmamba (hutchszn) (waymoszn),,0,0,3,barnzo20,,9,9,30,will_li3 (willi3),26,4
,8,8,26,will_li3 (willi3),,1,0,3,nebraska,,11,6,30,jay.p,28,2
,6,2,26,jensive,,2,0,3,eric_c25,,4,2,29,nebraska,26,3
,3,1,26,ballingpm,,0,0,3,wade,,0,0,29,idkwhattoput,28,1
,9,3,26,cs_derrick13,,0,0,3,mhii (xl17) (legette),,4,2,29,gingy,27,2
,11,7,26,robertjr (spursszn_) (thorpee) (robertjr88),,0,0,3,perrc,,2,0,29,holmesdale (letsgobrewcrew) (therealbenshelton),26,3
,17,9,26,hemanthhh (chrono),,0,0,3,ok,,7,3,29,tyresemaxey,27,2
,9,6,26,maliknabers69 (leek),,0,0,3,acod,,14,8,29,kyoten,18,11
,5,1,25,pickens_14 (spanishdaddies23),,1,1,3,cherrytrentjr,,4,3,29,omar__,27,2
,9,5,25,drob,,1,1,3,liam,,9,3,29,jjettaz (senddavide0),25,4
,6,3,25,kenbennedy,,0,0,3,codybellinger,,4,2,29,noir,29,
,2,1,25,atl,,1,0,3,vincent,,10,4,29,cs_derrick13,26,3
,4,2,25,winn_enthusiast,,1,0,3,juan.soto22,,9,1,29,redwarrior,27,2
,7,2,25,riggiem,,0,0,3,xxyn,,4,3,28,maxkepler,28,
,6,3,25,moritz_seider (colt_keith) (brian_branch),,0,0,3,yorck,,7,4,28,ben,28,
,4,3,25,kencarsonlistener (drakelistener),,0,0,3,intriquid,,7,4,28,schmighty,26,2
,6,2,25,jjettaz (senddavide0),,0,0,3,morant,,3,0,28,romeodunze15 (robertjr) (kyleteel),28,
,3,1,25,draculas,,0,0,3,crow.armstrong,,5,1,28,homeslice2,28,
,4,2,25,lukamodric,,0,0,3,spartyy,,14,10,28,garrett,23,5
,10,5,24,zander44,,0,0,3,maxp,,10,6,28,prove,28,
,6,2,24,cay1 (cay),,0,0,3,anandpur,,9,2,28,plemay,23,5
,1,0,24,orji,,1,0,3,clarke,,17,9,28,hemanthhh (chrono),26,2
,5,3,24,ozone,,0,0,3,jobro,,6,3,27,kenbennedy,25,2
,0,0,24,pursue (glockies),,1,1,3,cs_derrick13,,1,0,27,bojangles,26,1
,3,0,24,lleweypooey,,1,0,3,lby7,,10,7,27,mybalzich,22,5
,3,1,24,ezeyelliot,,0,0,3,quickley,,2,1,27,atl,25,2
,1,0,24,spencersteer,,1,0,3,bg_15 (heliot) (adames),,1,1,27,pursue (glockies),24,3
,5,2,24,mars_vibezz,,0,0,3,galletitas,,6,4,27,skoh,23,4
,11,6,24,aunt,,1,0,3,skiseason,,1,0,27,spencersteer,24,3
,6,1,24,notkiddo (kiddo),,1,0,3,jriii3,,0,0,27,hairston (lewis),26,1
,6,3,24,bg_15 (adames) (heliot),,1,1,3,aiden0220,,6,2,27,hoosier (suggs) (gpii) (lynwithers),27,
,5,1,24,nael_abuasi,,2,2,3,shion (kanest),,0,0,27,tylrr,27,
,3,3,24,bengalsw,,0,0,3,kidder,,8,3,27,josephmazzulla,22,5
,11,8,24,tgeneral,,0,0,2,chim_ (chim),,3,1,27,draculas,25,2
,8,7,24,icy,,0,0,2,wj,,15,5,27,evanstewart (killerbees_71) (evan_stewart_ii),27,
,8,4,24,top (paolo),,0,0,2,partnat,,4,2,27,lukamodric,25,2
,5,2,23,spencer_5m,,0,0,2,yakov (max.muncy),,7,3,27,bg_15 (adames) (heliot),24,3
,6,5,23,soyeon (joshy) (tzuyu),,0,0,2,croatia,,5,1,26,pickens_14 (spanishdaddies23),25,1
,8,4,23,perrc,,0,0,2,declan (declxn),,7,5,26,dwnny,26,
,2,1,23,mangoz29,,1,1,2,harry,,6,5,26,cookie,26,
,6,4,23,skoh,,1,1,2,islam (nyc),,8,4,26,perrc,23,3
,8,4,23,camflash,,0,0,2,ezeyelliot,,3,1,26,ezeyelliot,24,2
,17,12,23,hedge,,0,0,2,gridd,,7,3,26,osach,19,7
,8,6,23,pritchard,,0,0,2,wiirtz (saliba),,0,0,26,bluejays4567 (bluejays26926),26,
,12,8,23,garrett,,0,0,2,oj,,6,2,26,madrid,11,15
,9,4,23,samismid,,0,0,2,atl,,2,1,26,michael,19,7
,7,3,23,bennett,,0,0,2,austin,,12,10,26,markdavishaircut,22,4
,3,1,23,yorkkkk (liljon) (jaccags),,0,0,2,mangoz29,,2,0,26,baldmamba (hutchszn) (waymoszn),26,
,7,2,23,plemay,,0,0,2,kenbennedy,,1,0,26,burning,21,5
,3,1,23,vazyok (cywebb) (rivv_) (glo) (billie),,0,0,2,mrben (saint),,10,6,26,cbd,22,4
,10,7,23,mythic,,0,0,2,isaaclover (morelvaluableplayer),,8,4,26,top (paolo),24,2
,11,7,23,charlie2105,,0,0,2,cherishadrian,,11,4,25,eric_c25,22,3
,2,2,22,austin (ajw),,1,1,2,schmighty,,2,1,25,mangoz29,23,2
,8,5,22,mybalzich,,0,0,2,tigert (geno) (tig),,4,0,25,ja.mes,21,4
,9,4,22,eric_c25,,1,1,2,famous,,2,2,25,david_,20,5
,10,5,22,kylemck18,,0,0,2,holland (swaggy),,7,5,25,adamoo,12,13
,1,1,22,isaaclover (christophermorel1),,1,1,2,isaac12345541,,11,4,25,adrian (dri),19,6
,11,10,22,markdavishaircut,,0,0,2,chickengobrr,,0,0,25,fullofopps,21,4
,2,1,22,deathtoamerica,,0,0,2,omar__,,6,3,25,moritz_seider (colt_keith) (brian_branch),25,
,7,2,22,hulkman1025,,1,0,2,tyresemaxey,,3,3,25,bengalsw,24,1
,7,2,22,dogger (cam_johnson) (grimes) (xavier),,0,0,2,cities (jet) (yeah) (buckets),,11,9,25,hoodispida,20,5
,5,3,22,josephmazzulla,,1,0,2,haus_,,2,2,24,austin (ajw),22,2
,8,6,22,cbd,,1,0,2,touchdown,,1,0,24,orji,24,
,12,7,22,emo,,0,0,2,kobebryant,,5,3,24,ozone,24,
,2,1,22,peterbruno,,0,0,2,playboi,,1,1,24,isaaclover (christophermorel1),22,2
,1,1,21,cherishadrian,,0,0,2,dogger (cam_johnson) (grimes) (xavier),,3,0,24,lleweypooey,24,
,3,0,21,harper (skenes) (star) (uzi),,0,0,2,followerofchrist,,3,1,24,car.son,17,7
,4,0,21,ja.mes,,1,0,2,happ,,1,0,24,bear.5,19,5
,6,4,21,trossxrd (wiirtz) (igor.shesty) (saliba) (quickleyy),,0,0,2,zaccc,,6,2,24,mariosss (talk.tuah) (skibidinga),15,9
,7,4,21,luv,,1,1,2,goodbyesosoon,,7,2,24,dogger (cam_johnson) (grimes) (xavier),22,2
,5,3,21,imlincoln,,0,0,2,darwin (senga),,9,4,24,samismid,23,1
,2,1,21,harry (üî•),,0,0,2,michael.carter.ll,,5,2,24,mars_vibezz,24,
,3,2,21,depressedcardinalsfan,,1,0,2,sweat,,5,1,24,nael_abuasi,24,
,0,0,21,fullofopps,,0,0,2,lukamodric,,8,3,24,galletitas,21,3
,0,0,21,burning,,0,0,2,panarin,,14,10,24,thedestroyer22,19,5
,7,6,21,joshminottenjoyer,,0,0,2,siri,,9,5,24,jobro,21,3
,8,3,21,galletitas,,1,1,2,itzneallol,,5,2,23,spencer_5m,23,
,5,1,21,jcbihh,,1,0,2,maxverstappen_ (relaxedp),,1,1,23,cherishadrian,21,2
,9,5,21,jobro,,1,0,2,chazwick,,6,4,23,trossxrd (wiirtz) (igor.shesty) (saliba) (quickleyy),21,2
,3,2,20,devers,,0,0,2,arttheclown_,,8,4,23,camflash,23,
,2,2,20,david_,,0,0,2,top,,1,0,23,dantheman,20,3
,1,0,20,dantheman,,0,0,2,gingy,,3,2,23,harry (üî•),21,2
,3,1,20,abos,,0,0,2,xyo,,17,12,23,hedge,23,
,1,0,20,fluffeebunnz,,1,0,2,frylock,,4,2,23,abos,20,3
,0,0,20,porter (najeeharrisglazer),,0,0,2,draculas,,8,7,23,joshminottenjoyer,21,2
,4,3,20,jriii3,,1,1,2,cove (one) (marvin) (timeless) (leclerc) (dreww) (tiedemann) (marte),,3,1,23,yorkkkk (liljon) (jaccags),23,
,8,7,20,hoodispida,,1,0,2,ascent,,3,1,23,vazyok (cywebb) (rivv_) (glo) (billie),23,
,3,2,19,hassonn (spiderman),,0,0,2,bane,,10,7,23,mythic,23,
,2,0,19,kirk (bhxy03),,1,1,2,joshminottenjoyer,,12,7,23,emo,22,1
,3,1,19,nyr20,,1,0,2,king (notking),,11,7,23,charlie2105,23,
,3,2,19,osach,,1,0,2,futanari,,5,3,23,jriii3,20,3
,0,0,19,vikings (anthonyedwards),,0,0,2,trey (usedtobetrey),,10,5,22,kylemck18,22,
,1,0,19,bear.5,,0,0,2,hemanthhh (chrono),,4,1,22,kirk (bhxy03),19,3
,10,4,19,adrian (dri),,1,0,2,redwarrior,,5,2,22,member481067 (james.cookk),13,9
,2,1,19,michael,,0,0,2,jay (jay.p),,2,1,22,deathtoamerica,22,
,2,1,19,denniss (brown),,1,0,2,tiger,,7,2,22,hulkman1025,22,
,3,0,19,tatum (jt0),,0,0,1,jrc (‚ù§Ô∏è),,7,6,22,trixsta,16,6
,4,0,19,futuristic (ycoe) (brewers) ,,0,0,1,det (gibbs),,5,1,22,jcbihh,21,1
,1,0,19,wood,,0,0,1,bluegill (sliptakes),,2,1,22,peterbruno,22,
,6,3,19,jamiee,,0,0,1,pressy07,,4,2,21,icemountain,17,4
,7,4,19,robtooshifty (anthonyedwardsisgood),,0,0,1,kopryd,,3,2,21,barnzo20,18,3
,11,7,19,thedestroyer22,,0,0,1,bojack,,6,1,21,kc,16,5
,2,1,18,kawhi55,,0,0,1,idkwhattoput,,19,15,21,yato,13,8
,2,1,18,nfl,,0,0,1,singularity393,,4,3,21,cherry (cherrytrentjr) (hi),18,3
,3,2,18,gridd,,1,0,1,manoffaith,,2,0,21,baldwin (yamal19),15,6
,3,2,18,barnzo20,,0,0,1,thundering,,5,3,21,codybellinger,18,3
,1,0,18,osmannn (addison) (bigpurr),,0,0,1,bojangles,,4,2,21,üçÅ,9,12
,3,2,18,cherry (cherrytrentjr) (hi),,0,0,1,therealsportsman,,11,8,21,louseal,13,8
,1,0,18,pedals,,0,0,1,hunchox,,3,2,20,prodraiders (nosey),12,8
,2,1,18,coltsfan36951,,0,0,1,atlantasports,,3,2,20,devers,20,
,8,2,18,kyoten,,0,0,1,bucky_ ,,6,3,20,aidenishim (fat),16,4
,5,3,18,codybellinger,,0,0,1,cjkreider,,3,2,20,gridd,18,2
,3,2,18,jalix (bent),,0,0,1,hobojoe,,2,1,20,bas0,17,3
,4,1,18,dawkins_ (burns),,0,0,1,nationals,,3,2,20,denniss (brown),19,1
,3,3,17,angusk,,0,0,1,nfl,,1,0,20,fluffeebunnz,20,
,2,0,17,safety,,0,0,1,chris2monke,,4,1,20,tatum (jt0),19,1
,2,0,17,wohlm (trance),,0,0,1,üëÄ,,0,0,20,porter (najeeharrisglazer),20,
,4,2,17,icemountain,,0,0,1,pickens_14,,7,4,20,sasser,15,5
,3,1,17,car.son,,1,1,1,ryland (slye),,5,5,20,_vinnie,10,10
,1,1,17,bas0,,0,0,1,michst37,,3,2,19,hassonn (spiderman),19,
,2,1,17,steelers (divo) (cristiano),,0,0,1,kenny,,2,1,19,nfl,18,1
,2,0,17,adrimtl10,,0,0,1,chase9wg,,3,1,19,nyr20,19,
,3,0,17,restrepo7,,0,0,1,lewis,,0,0,19,vikings (anthonyedwards),19,
,7,2,17,josh_0310,,0,0,1,restrepo7,,1,0,19,pedals,18,1
,4,3,16,klpg,,1,1,1,tatum,,4,0,19,futuristic (ycoe) (brewers) ,19,
,1,1,16,buxtonlikesbudweiser,,0,0,1,sony,,1,0,19,wood,19,
,6,3,16,aidenishim (fat),,1,1,1,sleeky,,6,3,19,jamiee,19,
,2,1,16,franky,,0,0,1,pedals,,7,4,19,robtooshifty (anthonyedwardsisgood),19,
,7,5,16,nea,,0,0,1,adrimtl10,,2,1,19,quickley,16,3
,4,1,16,kc,,1,1,1,brown (dmo) (denniss),,5,4,19,spartyy,16,3
,5,5,16,witt (keyontae) (maikel),,0,0,1,sc6rz,,2,1,18,kawhi55,18,
,2,1,16,wj,,0,0,1,jmb,,2,1,18,ok,15,3
,2,0,16,declan (declxn) (member170554),,0,0,1,karinabluu,,6,2,18,member861107 (will),15,3
,3,1,16,jayson,,1,1,1,fernando (iconic),,2,1,18,wj,16,2
,6,4,16,zaccc,,0,0,1,lucasjpalmer,,1,0,18,osmannn (addison) (bigpurr),18,
,5,4,16,trixsta,,0,0,1,rockymountain (melendez),,2,0,18,declan (declxn) (member170554),16,2
,8,7,16,michael.carter.ll,,0,0,1,devincooker,,2,1,18,coltsfan36951,18,
,1,0,16,bello,,0,0,1,spidawebb,,2,0,18,adrimtl10,17,1
,0,0,16,shot,,0,0,1,emo,,3,0,18,restrepo7,17,1
,2,1,16,quickley,,1,0,1,precision,,6,4,18,zaccc,16,2
,4,2,16,goose,,0,0,1,bengalsw,,8,7,18,michael.carter.ll,16,2
,1,1,16,jazzy.y (log.an) (shacarri),,0,0,1,samismid,,3,2,18,jalix (bent),18,
,5,4,16,spartyy,,0,0,1,penixszn,,6,5,18,anandpur,15,3
,6,3,16,lu_dort,,0,0,1,jcbihh,,4,1,18,dawkins_ (burns),18,
,5,3,16,delta,,1,1,1,poolepartyjp3,,7,6,17,oj (scvrpion),15,2
,8,5,16,ottsam,,,,,,,3,3,17,angusk,17,
,2,0,16,lazurite,,,,,,,2,0,17,safety,17,
,0,0,15,jackcenaaa,,,,,,,6,3,17,jags (cookedbyjags),12,5
,2,1,15,ok,,,,,,,2,1,17,steelers (divo) (cristiano),17,
,2,1,15,minkah,,,,,,,7,2,17,josh_0310,17,
,7,6,15,oj (scvrpion),,,,,,,5,1,17,wulf (heroin) (meth),13,4
,6,2,15,member861107 (will),,,,,,,6,1,17,lby7,14,3
,2,0,15,keishi,,,,,,,6,2,17,ascent,15,2
,2,2,15,kuzma (kuz_),,,,,,,4,3,16,klpg,16,
,5,2,15,mariosss (talk.tuah) (skibidinga),,,,,,,1,1,16,buxtonlikesbudweiser,16,
,2,0,15,axde (fernando),,,,,,,2,1,16,franky,16,
,0,0,15,tilted,,,,,,,7,5,16,nea,16,
,3,3,15,metsxjets_,,,,,,,5,5,16,witt (keyontae) (maikel),16,
,1,0,15,baldwin (yamal19),,,,,,,1,0,16,panarin (Piggies GM),13,3
,3,2,15,trevq3,,,,,,,4,2,16,isaac1234541,14,2
,6,3,15,sasser,,,,,,,10,6,16,koski,12,4
,0,0,15,justakidfromakron23,,,,,,,4,3,16,sallis,12,4
,6,5,15,anandpur,,,,,,,4,3,16,yorck,13,3
,9,8,15,gio,,,,,,,3,1,16,jayson,16,
,9,5,15,goated14,,,,,,,7,2,16,skiseason,13,3
,3,0,15,yomama99,,,,,,,1,0,16,bello,16,
,5,2,15,ascent,,,,,,,6,3,16,panarin (grisham) (goldschmidt),14,2
,8,4,15,juan69,,,,,,,0,0,16,shot,16,
,4,3,15,kage,,,,,,,4,2,16,goose,16,
,9,5,15,penixszn,,,,,,,1,1,16,jazzy.y (log.an) (shacarri),16,
,1,0,14,dereck.lively,,,,,,,7,6,16,five (cinq),10,6
,4,1,14,lil_z,,,,,,,6,3,16,lu_dort,16,
,2,1,14,tadass,,,,,,,5,3,16,delta,16,
,0,0,14,iantaylor (ian),,,,,,,11,11,16,shion (kanest),13,3
,10,8,14,cole (coleamole),,,,,,,9,5,16,penixszn,15,1
,3,1,14,isaac1234541,,,,,,,8,3,16,kidder,13,3
,1,0,14,karty,,,,,,,2,0,16,lazurite,16,
,4,2,14,targaryen,,,,,,,0,0,15,jackcenaaa,15,
,1,1,14,ccamp,,,,,,,2,1,15,minkah,15,
,3,3,14,colts.content,,,,,,,6,3,15,bl,10,5
,6,3,14,panarin (grisham) (goldschmidt),,,,,,,2,0,15,keishi,15,
,6,4,14,deshaun4prison,,,,,,,3,2,15,mdotcash23,12,3
,5,1,14,lby7,,,,,,,2,2,15,kuzma (kuz_),15,
,5,2,14,xyx,,,,,,,2,0,15,axde (fernando),15,
,3,1,14,pedropages,,,,,,,0,0,15,partnat,13,2
,4,2,14,pixxie,,,,,,,0,0,15,antcoppola18,10,5
,7,3,14,xintervol,,,,,,,0,0,15,tilted,15,
,0,0,13,delpit9 (delpit),,,,,,,5,2,15,haus_,13,2
,2,2,13,fox,,,,,,,3,3,15,metsxjets_,15,
,12,9,13,yato,,,,,,,3,2,15,trevq3,15,
,6,4,13,kopyrd,,,,,,,0,0,15,justakidfromakron23,15,
,2,1,13,trey27 (trey),,,,,,,9,8,15,gio,15,
,2,1,13,atlantasports (atlantasports1),,,,,,,6,4,15,tiger,13,2
,1,0,13,mason,,,,,,,9,5,15,goated14,15,
,1,0,13,panarin (Piggies GM),,,,,,,4,2,15,futanari,13,2
,1,0,13,chris2monke (dakotaprescott) (christopher) (christophersa),,,,,,,3,0,15,yomama99,15,
,0,0,13,partnat,,,,,,,8,4,15,juan69,15,
,3,1,13,member481067 (james.cookk),,,,,,,4,3,15,kage,15,
,0,0,13,skysmores,,,,,,,1,0,14,dereck.lively,14,
,0,0,13,jax,,,,,,,4,1,14,lil_z,14,
,1,0,13,frankielindor,,,,,,,1,1,14,shai (sunga) (mrshai),11,3
,4,2,13,haus_,,,,,,,2,1,14,tadass,14,
,4,3,13,yorck,,,,,,,5,2,14,oubre,11,3
,2,2,13,dragracer661,,,,,,,0,0,14,iantaylor (ian),14,
,6,2,13,skiseason,,,,,,,6,4,14,kopyrd,13,1
,5,5,13,jtfr,,,,,,,2,1,14,atlantasports (atlantasports1),13,1
,3,1,13,wulf (heroin) (meth),,,,,,,1,0,14,chris2monke (dakotaprescott) (christopher) (christophersa),13,1
,0,0,13,j417,,,,,,,10,8,14,cole (coleamole),14,
,4,2,13,whiite (milkdih) (leakey) (beatopia_) (ovo),,,,,,,3,1,14,acod,11,3
,8,4,13,karinabluu,,,,,,,1,0,14,karty,14,
,8,7,13,louseal,,,,,,,4,2,14,targaryen,14,
,5,4,13,tiger,,,,,,,1,1,14,ccamp,14,
,9,9,13,shion (kanest),,,,,,,3,3,14,colts.content,14,
,3,2,13,futanari,,,,,,,1,0,14,morant,11,3
,4,1,13,precision,,,,,,,6,4,14,deshaun4prison,14,
,8,3,13,kidder,,,,,,,8,4,14,karinabluu,13,1
,3,1,13,cyris,,,,,,,5,2,14,xyx,14,
,1,0,12,sotoshuffle,,,,,,,2,1,14,bane,12,2
,0,0,12,hemdeepd24,,,,,,,5,1,14,precision,13,1
,3,2,12,prodraiders (nosey),,,,,,,3,1,14,pedropages,14,
,1,0,12,santiago_gimenez,,,,,,,4,2,14,pixxie,14,
,2,1,12,ruhverse,,,,,,,7,3,14,xintervol,14,
,1,0,12,josh.green,,,,,,,0,0,13,delpit9 (delpit),13,
,2,1,12,henderson (gunnar) (mountcastle),,,,,,,2,1,13,mrben,11,2
,0,0,12,adamoo,,,,,,,2,2,13,fox,13,
,2,1,12,mdotcash23,,,,,,,0,0,13,playboi,11,2
,2,0,12,mitch,,,,,,,2,1,13,trey27 (trey),13,
,5,2,12,jags (cookedbyjags),,,,,,,1,0,13,mason,13,
,2,1,12,gonda,,,,,,,2,1,13,singularity393,12,1
,2,1,12,cajuns (ingram) (ingram14),,,,,,,0,0,13,det (gibbs),12,1
,2,1,12,singularity393,,,,,,,5,5,13,member102218 (olave),10,3
,0,0,12,det (gibbs),,,,,,,5,2,13,tushpushenjoyer,10,3
,0,0,12,robert228,,,,,,,0,0,13,skysmores,13,
,0,0,12,cain,,,,,,,0,0,13,jax,13,
,8,5,12,koski,,,,,,,1,0,13,frankielindor,13,
,0,0,12,stkviking,,,,,,,2,2,13,dragracer661,13,
,1,1,12,bostonculture,,,,,,,5,5,13,jtfr,13,
,2,1,12,bubcarringtonn (tanaa),,,,,,,0,0,13,j417,13,
,2,2,12,sallis,,,,,,,4,2,13,whiite (milkdih) (leakey) (beatopia_) (ovo),13,
,1,0,12,jitterz,,,,,,,4,4,13,lucasjpalmer,12,1
,4,4,12,lucasjpalmer,,,,,,,3,1,13,cyris,13,
,4,3,12,bijan (cheezin),,,,,,,1,0,12,sotoshuffle,12,
,4,1,12,28problemz,,,,,,,0,0,12,hemdeepd24,12,
,7,4,12,f1,,,,,,,1,0,12,santiago_gimenez,12,
,2,1,12,bane,,,,,,,2,1,12,ruhverse,12,
,5,2,12,flem2tuff,,,,,,,1,0,12,josh.green,12,
,4,1,12,duplex,,,,,,,1,0,12,tigert (tig),10,2
,2,1,11,mrben,,,,,,,1,1,12,üëÄ,11,1
,1,1,11,üëÄ,,,,,,,2,1,12,henderson (gunnar) (mountcastle),12,
,0,0,11,playboi,,,,,,,2,0,12,mitch,12,
,1,1,11,luca,,,,,,,1,1,12,hobojoe,11,1
,0,0,11,macsaviour,,,,,,,2,1,12,gonda,12,
,1,1,11,shai (sunga) (mrshai),,,,,,,2,1,12,cajuns (ingram) (ingram14),12,
,1,0,11,madrid,,,,,,,3,2,12,chim_ (chim),10,2
,1,1,11,hobojoe,,,,,,,3,1,12,islam (nyc),10,2
,4,2,11,oubre,,,,,,,1,1,12,maxey0 (tyrese),9,3
,0,0,11,dylan (hart) (alvarez),,,,,,,0,0,12,robert228,12,
,3,1,11,acod,,,,,,,0,0,12,cain,12,
,0,0,11,bacon,,,,,,,0,0,12,stkviking,12,
,2,2,11,hollywood,,,,,,,1,1,12,bostonculture,12,
,2,2,11,pigestry (piggy),,,,,,,2,1,12,bubcarringtonn (tanaa),12,
,1,0,11,morant,,,,,,,1,0,12,jitterz,12,
,1,0,11,collegedropouts,,,,,,,4,3,12,bijan (cheezin),12,
,4,4,11,jayden_higgins,,,,,,,4,1,12,28problemz,12,
,6,3,11,license,,,,,,,7,4,12,f1,12,
,5,3,11,nazreidadmirer,,,,,,,5,2,12,flem2tuff,12,
,0,0,10,mp0303,,,,,,,4,1,12,duplex,12,
,1,0,10,tigert (tig),,,,,,,1,1,11,luca,11,
,4,2,10,bl,,,,,,,0,0,11,macsaviour,11,
,4,2,10,wheeler,,,,,,,0,0,11,dylan (hart) (alvarez),11,
,5,2,10,march_madness_script,,,,,,,2,0,11,wilsonmck18 (wilson),8,3
,3,2,10,chim_ (chim),,,,,,,0,0,11,giannis_is_my_dad,5,6
,0,0,10,braedendub04,,,,,,,0,0,11,bacon,11,
,0,0,10,fatherlockett,,,,,,,5,4,11,touchdown,9,2
,0,0,10,wolverines (branchy) (kitts),,,,,,,2,2,11,hollywood,11,
,5,5,10,member102218 (olave),,,,,,,2,2,11,pigestry (piggy),11,
,1,1,10,thatonechiefsfan,,,,,,,2,1,11,jmb (mbj) (reed) (joshjacobs),10,1
,0,0,10,calebcsw (djmoore),,,,,,,1,0,11,collegedropouts,11,
,4,2,10,bedard,,,,,,,4,4,11,jayden_higgins,11,
,0,0,10,trevvyy,,,,,,,6,3,11,license,11,
,3,1,10,tushpushenjoyer,,,,,,,5,3,11,tranglerz,5,6
,0,0,10,antcoppola18,,,,,,,5,3,11,nazreidadmirer,11,
,0,0,10,kb1234,,,,,,,0,0,10,mp0303,10,
,2,0,10,islam (nyc),,,,,,,4,2,10,wheeler,10,
,0,0,10,palmingo,,,,,,,5,2,10,march_madness_script,10,
,2,1,10,wolverines,,,,,,,0,0,10,braedendub04,10,
,0,0,10,rhyne (orl) (orlando) (thegiver),,,,,,,0,0,10,fatherlockett,10,
,1,0,10,butler (jimmybutler),,,,,,,4,1,10,herb,7,3
,0,0,10,meeaan (edaddy11),,,,,,,0,0,10,wolverines (branchy) (kitts),10,
,2,1,10,jdubszn (alonso),,,,,,,1,1,10,thatonechiefsfan,10,
,2,1,10,chltown,,,,,,,0,0,10,calebcsw (djmoore),10,
,2,2,10,_vinnie,,,,,,,4,2,10,bedard,10,
,2,0,10,froggies,,,,,,,0,0,10,trevvyy,10,
,5,4,10,five (cinq),,,,,,,0,0,10,kb1234,10,
,1,1,10,bolton (qianed),,,,,,,0,0,10,palmingo,10,
,7,4,9,comp,,,,,,,2,1,10,wolverines,10,
,2,1,9,dukeyo (üèà) (duke),,,,,,,0,0,10,chickengobrr,8,2
,1,1,9,maxey0 (tyrese),,,,,,,0,0,10,rhyne (orl) (orlando) (thegiver),10,
,1,1,9,wean,,,,,,,1,0,10,butler (jimmybutler),10,
,0,0,9,yunior,,,,,,,0,0,10,meeaan (edaddy11),10,
,2,1,9,sssosa (sosa),,,,,,,2,1,10,jdubszn (alonso),10,
,4,4,9,touchdown,,,,,,,2,1,10,chltown,10,
,2,1,9,saintdezzy,,,,,,,2,0,10,froggies,10,
,0,0,9,kungfukendrick,,,,,,,1,1,10,bolton (qianed),10,
,2,1,9,üçÅ,,,,,,,2,0,10,trey (usedtobetrey),8,2
,3,2,9,nate_ (btjszn),,,,,,,7,4,9,comp,9,
,0,0,9,gmoneytb,,,,,,,2,1,9,dukeyo (üèà) (duke),9,
,1,0,9,‚öîÔ∏èüëë,,,,,,,1,1,9,wean,9,
,2,2,9,cob,,,,,,,0,0,9,yunior,9,
,2,2,9,fromthepost,,,,,,,2,1,9,sssosa (sosa),9,
,0,0,8,lake10,,,,,,,2,1,9,saintdezzy,9,
,1,0,8,bigmatt21 (sirgeno),,,,,,,0,0,9,kungfukendrick,9,
,1,0,8,porsche,,,,,,,2,0,9,xyo,7,2
,0,0,8,shinji (gxld),,,,,,,3,2,9,nate_ (btjszn),9,
,1,1,8,theswitchr,,,,,,,1,0,9,frylock,7,2
,1,0,8,mariiio (mario),,,,,,,0,0,9,gmoneytb,9,
,2,0,8,wilsonmck18 (wilson),,,,,,,1,0,9,‚öîÔ∏èüëë,9,
,0,0,8,jt,,,,,,,2,2,9,cob,9,
,1,0,8,cz31,,,,,,,2,2,9,fromthepost,9,
,0,0,8,tony025 (gus_edwards) (nolan_arenado),,,,,,,0,0,8,lake10,8,
,0,0,8,chickengobrr,,,,,,,1,0,8,bigmatt21 (sirgeno),8,
,1,1,8,anardi2727,,,,,,,4,2,8,thundering,7,1
,3,2,8,pg (jrrdql),,,,,,,1,0,8,porsche,8,
,0,0,8,scwipts,,,,,,,0,0,8,bluegill (sliptakes),7,1
,1,1,8,donovan,,,,,,,0,0,8,shinji (gxld),8,
,1,1,8,cjstroud777,,,,,,,1,1,8,theswitchr,8,
,2,1,8,palmer (freaky_giannis),,,,,,,1,0,8,mariiio (mario),8,
,1,1,8,armani55,,,,,,,0,0,8,jt,8,
,1,0,8,xesure,,,,,,,1,0,8,cz31,8,
,2,2,8,nbaburner,,,,,,,0,0,8,tony025 (gus_edwards) (nolan_arenado),8,
,3,0,8,1c34,,,,,,,2,2,8,ryland,7,1
,2,0,8,trey (usedtobetrey),,,,,,,1,1,8,anardi2727,8,
,3,2,8,00pium_,,,,,,,3,2,8,pg (jrrdql),8,
,1,1,8,zupa,,,,,,,0,0,8,scwipts,8,
,6,4,8,jd5 (scaryterry),,,,,,,1,1,8,donovan,8,
,0,0,8,docto,,,,,,,1,1,8,cjstroud777,8,
,4,2,8,burress,,,,,,,2,1,8,palmer (freaky_giannis),8,
,1,0,8,risen,,,,,,,1,1,8,armani55,8,
,0,0,7,lenutsack (ryan.6),,,,,,,1,0,8,xesure,8,
,1,0,7,member155146 (tutu),,,,,,,2,2,8,nbaburner,8,
,1,1,7,edwards5 (ostmoe10),,,,,,,3,0,8,1c34,8,
,0,0,7,marv,,,,,,,3,2,8,00pium_,8,
,0,0,7,nico,,,,,,,1,1,8,zupa,8,
,4,2,7,thundering,,,,,,,6,4,8,jd5 (scaryterry),8,
,2,1,7,herb,,,,,,,0,0,8,docto,8,
,2,1,7,adebayo,,,,,,,4,2,8,burress,8,
,1,0,7,soopyzethug,,,,,,,1,0,8,risen,8,
,0,0,7,hcdinger,,,,,,,2,0,8,notking (king),6,2
,0,0,7,bluegill (sliptakes),,,,,,,0,0,7,lenutsack (ryan.6),7,
,2,2,7,thunderhawk35,,,,,,,1,0,7,member155146 (tutu),7,
,1,1,7,kdfan546 (k1),,,,,,,1,1,7,edwards5 (ostmoe10),7,
,1,1,7,ryland,,,,,,,0,0,7,marv,7,
,0,0,7,roman10_,,,,,,,0,0,7,nico,7,
,0,0,7,mr3o5,,,,,,,2,1,7,adebayo,7,
,2,1,7,mattyice,,,,,,,1,0,7,soopyzethug,7,
,1,0,7,aprilfoolsbday,,,,,,,0,0,7,hcdinger,7,
,1,1,7,sossboy_,,,,,,,2,2,7,thunderhawk35,7,
,2,0,7,xyo,,,,,,,0,0,7,hunchox,6,1
,2,0,7,novo,,,,,,,0,0,7,yakov (c.otton),5,2
,2,1,7,bmannn,,,,,,,0,0,7,michst37,6,1
,0,0,7,frylock,,,,,,,1,1,7,kdfan546 (k1),7,
,0,0,7,realnuggets,,,,,,,0,0,7,roman10_,7,
,1,0,7,jmb (mbj) (reed),,,,,,,1,1,7,chase9wg,6,1
,2,2,7,mcnuggetofthegame,,,,,,,0,0,7,mr3o5,7,
,1,0,6,hazard_ (soccermav),,,,,,,2,1,7,mattyice,7,
,0,0,6,realandrewvaughn,,,,,,,3,3,7,darwin (senga),5,2
,3,1,6,elijjah (elijah) (member200104),,,,,,,1,0,7,aprilfoolsbday,7,
,0,0,6,bobby (bobby.portis9),,,,,,,1,1,7,sossboy_,7,
,1,0,6,marcusrashford,,,,,,,2,0,7,novo,7,
,0,0,6,imkennyclark,,,,,,,2,1,7,bmannn,7,
,0,0,6,xavox (vox),,,,,,,0,0,7,realnuggets,7,
,0,0,6,hunchox,,,,,,,2,2,7,mcnuggetofthegame,7,
,0,0,6,by9,,,,,,,1,0,6,hazard_ (soccermav),6,
,0,0,6,oakshow,,,,,,,0,0,6,realandrewvaughn,6,
,0,0,6,üìö (mike.woodson) (kyle.hendricks),,,,,,,3,1,6,elijjah (elijah) (member200104),6,
,0,0,6,michst37,,,,,,,0,0,6,bobby (bobby.portis9),6,
,0,0,6,greg_0927,,,,,,,1,0,6,marcusrashford,6,
,1,1,6,chase9wg,,,,,,,0,0,6,imkennyclark,6,
,0,0,6,ranch,,,,,,,0,0,6,xavox (vox),6,
,1,0,6,keplar,,,,,,,0,0,6,by9,6,
,0,0,6,glennanayres,,,,,,,0,0,6,oakshow,6,
,0,0,6,scott (sox),,,,,,,0,0,6,üìö (mike.woodson) (kyle.hendricks),6,
,2,1,6,starwars (payton) (cal3b),,,,,,,0,0,6,greg_0927,6,
,0,0,6,abbosba1,,,,,,,0,0,6,ranch,6,
,0,0,6,danielb14,,,,,,,0,0,6,sc6rz,5,1
,0,0,6,vortexed,,,,,,,1,0,6,keplar,6,
,0,0,6,reeseolson45,,,,,,,0,0,6,glennanayres,6,
,3,1,6,tank,,,,,,,0,0,6,scott (sox),6,
,1,0,6,jackbl8,,,,,,,2,1,6,starwars (payton) (cal3b),6,
,0,0,6,alessia_russo,,,,,,,0,0,6,abbosba1,6,
,1,0,6,notking (king),,,,,,,0,0,6,danielb14,6,
,0,0,5,oneextrachromosome,,,,,,,0,0,6,vortexed,6,
,1,1,5,jg4,,,,,,,0,0,6,reeseolson45,6,
,0,0,5,33nate,,,,,,,3,1,6,tank,6,
,0,0,5,joelinton (angel.hernandez),,,,,,,1,0,6,jackbl8,6,
,0,0,5,ddis (white),,,,,,,0,0,6,alessia_russo,6,
,0,0,5,nyehjared (maxeyyy),,,,,,,0,0,5,oneextrachromosome,5,
,3,2,5,cuatro (bizzy) (french),,,,,,,1,1,5,jg4,5,
,0,0,5,fellowhuman (hunter.henry),,,,,,,0,0,5,33nate,5,
,0,0,5,topflo (narcississtt),,,,,,,0,0,5,joelinton (angel.hernandez),5,
,0,0,5,eveiynn (pvrg),,,,,,,0,0,5,ddis (white),5,
,0,0,5,yakov (c.otton),,,,,,,0,0,5,nyehjared (maxeyyy),5,
,0,0,5,oliverma,,,,,,,3,2,5,cuatro (bizzy) (french),5,
,0,0,5,giannis_is_my_dad,,,,,,,0,0,5,fellowhuman (hunter.henry),5,
,0,0,5,freakycarter (carter04),,,,,,,0,0,5,topflo (narcississtt),5,
,1,0,5,tronzii,,,,,,,0,0,5,eveiynn (pvrg),5,
,0,0,5,seazyy,,,,,,,0,0,5,oliverma,5,
,0,0,5,nak,,,,,,,0,0,5,freakycarter (carter04),5,
,0,0,5,bod,,,,,,,0,0,5,cjkreider (christopherjkreider),4,1
,0,0,5,hudybetterthanmatthew,,,,,,,1,0,5,tronzii,5,
,0,0,5,greysonduer,,,,,,,0,0,5,seazyy,5,
,0,0,5,parker10114,,,,,,,0,0,5,nak,5,
,0,0,5,sc6rz,,,,,,,0,0,5,kenny,4,1
,0,0,5,mmathias,,,,,,,0,0,5,bod,5,
,3,3,5,darwin (senga),,,,,,,0,0,5,hudybetterthanmatthew,5,
,0,0,5,basedgod,,,,,,,0,0,5,greysonduer,5,
,2,2,5,yellow,,,,,,,0,0,5,parker10114,5,
,0,0,5,rojoknicks,,,,,,,0,0,5,mmathias,5,
,0,0,5,dortmund,,,,,,,0,0,5,basedgod,5,
,0,0,5,tee,,,,,,,0,0,5,followerofchrist,3,2
,3,0,5,ak470,,,,,,,2,2,5,yellow,5,
,0,0,5,qdawg21,,,,,,,0,0,5,rojoknicks,5,
,3,1,5,tranglerz,,,,,,,0,0,5,dortmund,5,
,1,0,5,lamelo,,,,,,,0,0,5,tee,5,
,0,0,4,poitras,,,,,,,3,0,5,ak470,5,
,0,0,4,milledge,,,,,,,0,0,5,qdawg21,5,
,0,0,4,avdija,,,,,,,1,0,5,lamelo,5,
,0,0,4,aaegon (sad),,,,,,,0,0,4,poitras,4,
,0,0,4,omacco (om),,,,,,,0,0,4,milledge,4,
,0,0,4,gp2,,,,,,,0,0,4,avdija,4,
,0,0,4,cric,,,,,,,0,0,4,aaegon (sad),4,
,0,0,4,antetokounmpo,,,,,,,0,0,4,omacco (om),4,
,0,0,4,cjkreider (christopherjkreider),,,,,,,0,0,4,gp2,4,
,0,0,4,ivy (wright),,,,,,,0,0,4,cric,4,
,0,0,4,amby,,,,,,,0,0,4,antetokounmpo,4,
,0,0,4,kenny,,,,,,,0,0,4,ivy (wright),4,
,0,0,4,broja,,,,,,,0,0,4,amby,4,
,0,0,4,nevada,,,,,,,0,0,4,broja,4,
,0,0,4,kaidenpickle3,,,,,,,0,0,4,nevada,4,
,1,1,4,uno,,,,,,,0,0,4,kaidenpickle3,4,
,1,0,4,adamszn,,,,,,,1,1,4,uno,4,
,0,0,4,joeburrow (member535184),,,,,,,1,0,4,adamszn,4,
,1,0,4,karaoke,,,,,,,0,0,4,joeburrow (member535184),4,
,0,0,4,blond,,,,,,,1,0,4,karaoke,4,
,0,0,4,curtisjoneslover,,,,,,,0,0,4,blond,4,
,0,0,4,shzckers,,,,,,,0,0,4,curtisjoneslover,4,
,1,0,4,kanginator,,,,,,,0,0,4,shzckers,4,
,2,0,4,gradyt06,,,,,,,1,0,4,kanginator,4,
,2,1,4,floyd,,,,,,,2,0,4,gradyt06,4,
,2,1,4,ew,,,,,,,2,1,4,floyd,4,
,1,1,4,god_did,,,,,,,2,1,4,ew,4,
,0,0,3,dakota.prescott (lfgm2048),,,,,,,1,0,4,spidawebb,3,1
,2,1,3,austinreaves,,,,,,,1,1,4,god_did,4,
,2,1,3,stroud (houston.sports.fan),,,,,,,0,0,3,dakota.prescott (lfgm2048),3,
,2,1,3,gutz8,,,,,,,2,1,3,austinreaves,3,
,0,0,3,maxshed (b2smooth),,,,,,,2,1,3,stroud (houston.sports.fan),3,
,0,0,3,dwnnylover123 (diggs),,,,,,,2,1,3,gutz8,3,
,0,0,3,minnesuffering,,,,,,,0,0,3,maxshed (b2smooth),3,
,1,0,3,ethanisacoolkid,,,,,,,0,0,3,dwnnylover123 (diggs),3,
,0,0,3,houstonbias,,,,,,,0,0,3,minnesuffering,3,
,1,0,3,sam.the.man,,,,,,,1,0,3,ethanisacoolkid,3,
,0,0,3,professionalbraveshater (wreckem),,,,,,,0,0,3,houstonbias,3,
,0,0,3,jperez1014,,,,,,,1,0,3,sam.the.man,3,
,0,0,3,colandrea10 (colandrea),,,,,,,0,0,3,professionalbraveshater (wreckem),3,
,1,0,3,pave,,,,,,,0,0,3,jperez1014,3,
,0,0,3,caleb.szn,,,,,,,0,0,3,nationals,2,1
,0,0,3,ocean (noir),,,,,,,0,0,3,colandrea10 (colandrea),3,
,0,0,3,koolaid (usman),,,,,,,1,0,3,pave,3,
,0,0,3,followerofchrist,,,,,,,0,0,3,caleb.szn,3,
,0,0,3,hollywoodwilliams (doubs),,,,,,,0,0,3,ocean (noir),3,
,1,0,3,doog,,,,,,,0,0,3,koolaid (usman),3,
,1,0,3,jarrenn,,,,,,,0,0,3,hollywoodwilliams (doubs),3,
,1,0,3,spidawebb,,,,,,,1,0,3,doog,3,
,0,0,3,alijah,,,,,,,1,0,3,jarrenn,3,
,1,1,3,joshjacobs,,,,,,,0,0,3,alijah,3,
,0,0,3,aliyu_,,,,,,,0,0,3,aliyu_,3,
,1,0,3,pierreolivierjoseph,,,,,,,1,0,3,pierreolivierjoseph,3,
,0,0,3,spike_2,,,,,,,0,0,3,spike_2,3,
,0,0,2,jaden (jadenmcdaniels),,,,,,,0,0,2,jaden (jadenmcdaniels),2,
,0,0,2,chiitown (dansby_??),,,,,,,0,0,2,chiitown (dansby_??),2,
,0,0,2,mlbguru,,,,,,,0,0,2,mlbguru,2,
,0,0,2,koby,,,,,,,0,0,2,koby,2,
,0,0,2,tatumsrange,,,,,,,0,0,2,tatumsrange,2,
,0,0,2,swipi,,,,,,,0,0,2,swipi,2,
,0,0,2,australia,,,,,,,0,0,2,australia,2,
,0,0,2,xtsunamipapix (balenci),,,,,,,0,0,2,xtsunamipapix (balenci),2,
,0,0,2,alonso (donovan.edwards),,,,,,,0,0,2,alonso (donovan.edwards),2,
,0,0,2,rome (cohen2),,,,,,,0,0,2,rome (cohen2),2,
,0,0,2,kingdom,,,,,,,0,0,2,pressy07,1,1
,0,0,2,nationals,,,,,,,0,0,2,kingdom,2,
,0,0,2,mclauinn,,,,,,,0,0,2,mclauinn,2,
,0,0,2,dr.karma,,,,,,,0,0,2,dr.karma,2,
,0,0,2,vladjr,,,,,,,0,0,2,vladjr,2,
,0,0,2,wiggles,,,,,,,0,0,2,wiggles,2,
,0,0,2,delly,,,,,,,0,0,2,delly,2,
,1,0,2,eriktenhag,,,,,,,1,0,2,eriktenhag,2,
,0,0,2,walkerkessler,,,,,,,0,0,2,walkerkessler,2,
,0,0,2,mhystc (üìà),,,,,,,0,0,2,mhystc (üìà),2,
,0,0,2,nicomonte,,,,,,,0,0,2,nicomonte,2,
,0,0,2,suryc,,,,,,,0,0,2,suryc,2,
,0,0,2,sebastianvettel5,,,,,,,0,0,2,sebastianvettel5,2,
,0,0,2,montolio,,,,,,,0,0,2,montolio,2,
,0,0,2,kuminga_,,,,,,,0,0,2,kuminga_,2,
,0,0,2,joeburrow,,,,,,,0,0,2,joeburrow,2,
,0,0,2,kwany,,,,,,,0,0,2,kwany,2,
,0,0,2,acqua,,,,,,,0,0,2,acqua,2,
,0,0,2,ursaal (lanamama),,,,,,,0,0,2,ursaal (lanamama),2,
,0,0,2,justinye,,,,,,,0,0,2,justinye,2,
,0,0,2,mikeyfrozone,,,,,,,0,0,2,mikeyfrozone,2,
,0,0,2,krikey,,,,,,,0,0,2,krikey,2,
,0,0,2,cephus,,,,,,,0,0,2,cephus,2,
,0,0,1,cityofhyatt,,,,,,,0,0,2,holland (swaggy),,2
,0,0,1,jxckk,,,,,,,0,0,1,cityofhyatt,1,
,0,0,1,sorta,,,,,,,0,0,1,jxckk,1,
,0,0,1,killa.cam (alyssiadore??),,,,,,,0,0,1,sorta,1,
,0,0,1,ab84,,,,,,,0,0,1,killa.cam (alyssiadore??),1,
,0,0,1,quik,,,,,,,0,0,1,ab84,1,
,0,0,1,devchig3,,,,,,,0,0,1,quik,1,
,0,0,1,pressy07,,,,,,,0,0,1,devchig3,1,
,0,0,1,daemmet,,,,,,,0,0,1,daemmet,1,
,0,0,1,mr.farts,,,,,,,0,0,1,mr.farts,1,
,0,0,1,magic,,,,,,,0,0,1,magic,1,
,0,0,1,moistdrifter,,,,,,,0,0,1,moistdrifter,1,
,0,0,1,martew,,,,,,,0,0,1,martew,1,
,0,0,1,mars (marsh),,,,,,,0,0,1,mars (marsh),1,
,0,0,1,ry.an,,,,,,,0,0,1,ry.an,1,
,0,0,1,canes,,,,,,,0,0,1,canes,1,
,0,0,1,wawa_,,,,,,,0,0,1,wawa_,1,
,0,0,1,waddle,,,,,,,0,0,1,waddle,1,
,0,0,1,herroisabum (swift),,,,,,,0,0,1,herroisabum (swift),1,
,0,0,1,geka,,,,,,,0,0,1,geka,1,
,0,0,1,sprite,,,,,,,0,0,1,sprite,1,
,0,0,1,sc,,,,,,,0,0,1,sc,1,
,0,0,1,graciouscake,,,,,,,0,0,1,graciouscake,1,
,0,0,1,oscar_rios10,,,,,,,0,0,1,oscar_rios10,1,
,0,0,1,dakster,,,,,,,0,0,1,dakster,1,
,0,0,1,detectiveh,,,,,,,0,0,1,detectiveh,1,
,0,0,1,mushymoose104,,,,,,,0,0,1,mushymoose104,1,
,0,0,1,ilovejenna,,,,,,,0,0,1,ilovejenna,1,
,0,0,1,joshgaffen,,,,,,,0,0,1,joshgaffen,1,
,0,0,1,sodaaaa,,,,,,,0,0,1,sodaaaa,1,
,0,0,1,coleman,,,,,,,0,0,1,coleman,1,
,0,0,1,imashooter,,,,,,,0,0,1,imashooter,1,
,0,0,1,6iix,,,,,,,0,0,1,6iix,1,
,0,0,1,memphissports,,,,,,,0,0,1,memphissports,1,
,0,0,1,fy,,,,,,,0,0,1,fy,1,
,0,0,1,bruhmomment,,,,,,,0,0,1,bruhmomment,1,
,0,0,1,trae_young,,,,,,,0,0,1,trae_young,1,
,0,0,1,crozo,,,,,,,0,0,1,crozo,1,
,0,0,1,lindors,,,,,,,0,0,1,lindors,1,
,0,0,1,koolesa,,,,,,,0,0,1,koolesa,1,
,0,0,1,mrdingleberry,,,,,,,0,0,1,mrdingleberry,1,
,0,0,1,al0nso,,,,,,,0,0,1,al0nso,1,
,0,0,1,ghostface,,,,,,,0,0,1,ghostface,1,
,0,0,1,huijsendean,,,,,,,0,0,1,huijsendean,1,
,0,0,1,kokomarkolo,,,,,,,0,0,1,kokomarkolo,1,
,0,0,1,mercy,,,,,,,0,0,1,mercy,1,
,0,0,1,azn,,,,,,,0,0,1,azn,1,
,0,0,1,mattisss,,,,,,,0,0,1,mattisss,1,
,0,0,1,jdinkalagegoon,,,,,,,0,0,1,jdinkalagegoon,1,
,0,0,1,saksszn,,,,,,,0,0,1,saksszn,1,
,0,0,1,bivol,,,,,,,0,0,1,bivol,1,
,0,0,1,msp,,,,,,,0,0,1,msp,1,
,,,,,,,,,,,1,1,1,sleeky,,1